k,Inertia,Gap,Silhouette
2,586893.0175574063,3.3536043799620128,0.10139939872278962
3,546820.6227563493,3.3029180001374616,0.1158160292277791
4,493659.4484628115,3.3151802703792033,0.13638026804841047
5,450079.66395375476,3.3654645362961535,0.1376133333782424
6,429922.4202711998,3.373046206631237,0.1486527756758679
7,396553.5776874377,3.4244968195079313,0.15004211519974922
8,382565.42073508067,3.430975869504481,0.14845672509548188
9,346584.3753487031,3.5107960241104728,0.17609833832652455
10,325766.9045562928,3.5564205395248436,0.17406526548838921
